<?xml version="1.0" encoding="UTF-8"?>
<project-private xmlns="http://www.netbeans.org/ns/project-private/1">
    <editor-bookmarks xmlns="http://www.netbeans.org/ns/editor-bookmarks/2" lastBookmarkId="0"/>
    <open-files xmlns="http://www.netbeans.org/ns/projectui-open-files/2">
        <group>
            <file>file:/C:/Users/Lorena/Dropbox/Grado%20en%20ingeniería%20informática/4º%20año/Primer%20Cuatrimestre/Programación%20y%20Diseño%20Orientado%20a%20Objetos%20(PDOO)/Prácticas/Practica2/QytetetJava/src/modeloqytetet/Jugador.java</file>
            <file>file:/C:/Users/Lorena/Dropbox/Grado%20en%20ingeniería%20informática/4º%20año/Primer%20Cuatrimestre/Programación%20y%20Diseño%20Orientado%20a%20Objetos%20(PDOO)/Prácticas/Practica2/QytetetJava/src/modeloqytetet/Tablero.java</file>
            <file>file:/C:/Users/Lorena/Dropbox/Grado%20en%20ingeniería%20informática/4º%20año/Primer%20Cuatrimestre/Programación%20y%20Diseño%20Orientado%20a%20Objetos%20(PDOO)/Prácticas/Practica2/QytetetJava/src/modeloqytetet/Qytetet.java</file>
            <file>file:/C:/Users/Lorena/Dropbox/Grado%20en%20ingeniería%20informática/4º%20año/Primer%20Cuatrimestre/Programación%20y%20Diseño%20Orientado%20a%20Objetos%20(PDOO)/Prácticas/Practica2/QytetetJava/src/modeloqytetet/Casilla.java</file>
            <file>file:/C:/Users/Lorena/Dropbox/Grado%20en%20ingeniería%20informática/4º%20año/Primer%20Cuatrimestre/Programación%20y%20Diseño%20Orientado%20a%20Objetos%20(PDOO)/Prácticas/Practica2/QytetetJava/src/modeloqytetet/Dado.java</file>
            <file>file:/C:/Users/Lorena/Dropbox/Grado%20en%20ingeniería%20informática/4º%20año/Primer%20Cuatrimestre/Programación%20y%20Diseño%20Orientado%20a%20Objetos%20(PDOO)/Prácticas/Practica2/QytetetJava/src/modeloqytetet/TituloPropiedad.java</file>
            <file>file:/C:/Users/Lorena/Dropbox/Grado%20en%20ingeniería%20informática/4º%20año/Primer%20Cuatrimestre/Programación%20y%20Diseño%20Orientado%20a%20Objetos%20(PDOO)/Prácticas/Practica2/QytetetJava/src/modeloqytetet/Sorpresa.java</file>
            <file>file:/C:/Users/Lorena/Dropbox/Grado%20en%20ingeniería%20informática/4º%20año/Primer%20Cuatrimestre/Programación%20y%20Diseño%20Orientado%20a%20Objetos%20(PDOO)/Prácticas/Practica2/QytetetJava/src/modeloqytetet/PruebaQytetet.java</file>
        </group>
    </open-files>
</project-private>
