<?xml version="1.0" encoding="UTF-8"?>
<project-private xmlns="http://www.netbeans.org/ns/project-private/1">
    <editor-bookmarks xmlns="http://www.netbeans.org/ns/editor-bookmarks/2" lastBookmarkId="0"/>
    <open-files xmlns="http://www.netbeans.org/ns/projectui-open-files/2">
        <group>
            <file>file:/C:/Users/Lorena/Desktop/QytetetRuby/lib/qytetet.rb</file>
            <file>file:/C:/Users/Lorena/Desktop/QytetetRuby/lib/casilla.rb</file>
            <file>file:/C:/Users/Lorena/Desktop/QytetetRuby/lib/titulo_propiedad.rb</file>
            <file>file:/C:/Users/Lorena/Desktop/QytetetRuby/lib/tipo_casilla.rb</file>
            <file>file:/C:/Users/Lorena/Desktop/QytetetRuby/lib/prueba_qytetet.rb</file>
            <file>file:/C:/Users/Lorena/Desktop/QytetetRuby/lib/metodo_salir_carcel.rb</file>
            <file>file:/C:/Users/Lorena/Desktop/QytetetRuby/lib/sorpresa.rb</file>
            <file>file:/C:/Users/Lorena/Desktop/QytetetRuby/lib/tipo_sorpresa.rb</file>
            <file>file:/C:/Users/Lorena/Desktop/QytetetRuby/lib/jugador.rb</file>
            <file>file:/C:/Users/Lorena/Desktop/QytetetRuby/lib/tablero.rb</file>
            <file>file:/C:/Users/Lorena/Desktop/QytetetRuby/lib/dado.rb</file>
        </group>
    </open-files>
</project-private>
